Vacas;Hora;Fecha;Temperatura
0112;20:00;5/02/2015;35
0198;20:00;5/02/2015;33.3
0116;20:00;5/02/2015;35.8
0196;20:00;5/02/2015;36.3
0184;20:00;5/02/2015;35.6
0150;20:00;5/02/2015;33.8
0154;20:00;5/02/2015;33.6
0112;21:00;5/02/2015;34.5
0198;21:00;5/02/2015;33.4
0116;21:00;5/02/2015;35.7
0196;21:00;5/02/2015;36.2
0184;21:00;5/02/2015;35.5
0150;21:00;5/02/2015;33.5
0154;21:00;5/02/2015;33.8
0112;22:00;5/02/2015;34.4
0198;22:00;5/02/2015;33.4
0116;22:00;5/02/2015;35
0196;22:00;5/02/2015;36
0184;22:00;5/02/2015;34.9
0150;22:00;5/02/2015;32.6
0154;22:00;5/02/2015;33.3
0112;23:00;5/02/2015;34.2
0198;23:00;5/02/2015;33
0116;23:00;5/02/2015;34.9
0196;23:00;5/02/2015;35.7
0184;23:00;5/02/2015;35.1
0150;23:00;5/02/2015;32.4
0154;23:00;5/02/2015;33.4
0112;00:00;6/02/2015;34
0198;00:00;6/02/2015;32.2
0116;00:00;6/02/2015;35.1
0196;00:00;6/02/2015;35.9
0184;00:00;6/02/2015;34.3
0150;00:00;6/02/2015;31.9
0154;00:00;6/02/2015;33.1
0112;01:00;6/02/2015;33.3
0198;01:00;6/02/2015;32.1
0116;01:00;6/02/2015;34.5
0196;01:00;6/02/2015;36
0184;01:00;6/02/2015;34.4
0150;01:00;6/02/2015;31.3
0154;01:00;6/02/2015;33.1
0112;02:00;6/02/2015;33.4
0198;02:00;6/02/2015;31.5
0116;02:00;6/02/2015;34.4
0196;02:00;6/02/2015;36
0184;02:00;6/02/2015;34.5
0150;02:00;6/02/2015;30.5
0154;02:00;6/02/2015;33.1
0112;03:00;6/02/2015;33.5
0198;03:00;6/02/2015;31.2
0116;03:00;6/02/2015;34.2
0196;03:00;6/02/2015;35.9
0184;03:00;6/02/2015;34.7
0150;03:00;6/02/2015;30.3
0154;03:00;6/02/2015;32.6
0112;04:00;6/02/2015;33.4
0198;04:00;6/02/2015;30.2
0116;04:00;6/02/2015;34.2
0196;04:00;6/02/2015;35.3
0184;04:00;6/02/2015;34.4
0150;04:00;6/02/2015;29.7
0154;04:00;6/02/2015;32.1
0112;05:00;6/02/2015;33.1
0198;05:00;6/02/2015;30.2
0116;05:00;6/02/2015;34.9
0196;05:00;6/02/2015;35.5
0184;05:00;6/02/2015;34.1
0150;05:00;6/02/2015;29.5
0154;05:00;6/02/2015;31
0112;06:00;6/02/2015;32.8
0198;06:00;6/02/2015;30.5
0116;06:00;6/02/2015;34.9
0196;06:00;6/02/2015;35.3
0184;06:00;6/02/2015;33.6
0150;06:00;6/02/2015;29.9
0154;06:00;6/02/2015;30.6
0112;07:00;6/02/2015;33
0198;07:00;6/02/2015;31.4
0116;07:00;6/02/2015;35.6
0196;07:00;6/02/2015;35.8
0184;07:00;6/02/2015;33.1
0150;07:00;6/02/2015;30.2
0154;07:00;6/02/2015;31.2
0112;08:00;6/02/2015;34.2
0198;08:00;6/02/2015;31.6
0116;08:00;6/02/2015;35.5
0196;08:00;6/02/2015;36
0184;08:00;6/02/2015;33.2
0150;08:00;6/02/2015;30.5
0154;08:00;6/02/2015;31.8
0112;09:00;6/02/2015;35.3
0198;09:00;6/02/2015;31.8
0116;09:00;6/02/2015;35.6
0196;09:00;6/02/2015;36.4
0184;09:00;6/02/2015;33.5
0150;09:00;6/02/2015;31.2
0154;09:00;6/02/2015;33
0112;10:00;6/02/2015;35.7
0198;10:00;6/02/2015;32.8
0116;10:00;6/02/2015;36.4
0196;10:00;6/02/2015;37.2
0184;10:00;6/02/2015;35.1
0150;10:00;6/02/2015;32.3
0154;10:00;6/02/2015;34.2
0112;11:00;6/02/2015;36.3
0198;11:00;6/02/2015;33.6
0116;11:00;6/02/2015;36.6
0196;11:00;6/02/2015;37.5
0184;11:00;6/02/2015;35.7
0150;11:00;6/02/2015;34.9
0154;11:00;6/02/2015;35.3
0112;12:00;6/02/2015;37.5
0198;12:00;6/02/2015;34.4
0116;12:00;6/02/2015;36.5
0196;12:00;6/02/2015;37.5
0184;12:00;6/02/2015;36.3
0150;12:00;6/02/2015;35.4
0154;12:00;6/02/2015;35
0112;13:00;6/02/2015;37.4
0198;13:00;6/02/2015;35.4
0116;13:00;6/02/2015;36.4
0196;13:00;6/02/2015;37.9
0184;13:00;6/02/2015;36.1
0150;13:00;6/02/2015;35.9
0154;13:00;6/02/2015;34.6
0112;14:00;6/02/2015;37.7
0198;14:00;6/02/2015;34.5
0116;14:00;6/02/2015;36.8
0196;14:00;6/02/2015;37.6
0184;14:00;6/02/2015;35.9
0150;14:00;6/02/2015;36.5
0154;14:00;6/02/2015;34.4
0112;15:00;6/02/2015;37
0198;15:00;6/02/2015;33.4
0116;15:00;6/02/2015;36.7
0196;15:00;6/02/2015;37.4
0184;15:00;6/02/2015;35.5
0150;15:00;6/02/2015;35.8
0154;15:00;6/02/2015;34.4
0112;16:00;6/02/2015;36.1
0198;16:00;6/02/2015;32.6
0116;16:00;6/02/2015;36.5
0196;16:00;6/02/2015;37.5
0184;16:00;6/02/2015;35.5
0150;16:00;6/02/2015;35.5
0154;16:00;6/02/2015;33.4
0112;17:00;6/02/2015;35.7
0198;17:00;6/02/2015;32.1
0116;17:00;6/02/2015;36.6
0196;17:00;6/02/2015;37.2
0184;17:00;6/02/2015;35.1
0150;17:00;6/02/2015;35.1
0154;17:00;6/02/2015;33.1
0112;18:00;6/02/2015;34.8
0198;18:00;6/02/2015;32.1
0116;18:00;6/02/2015;36.4
0196;18:00;6/02/2015;37
0184;18:00;6/02/2015;35.2
0150;18:00;6/02/2015;33.2
0154;18:00;6/02/2015;33.2
0112;19:00;6/02/2015;34
0198;19:00;6/02/2015;31.8
0116;19:00;6/02/2015;36
0196;19:00;6/02/2015;36.5
0184;19:00;6/02/2015;35.5
0150;19:00;6/02/2015;33.3
0154;19:00;6/02/2015;33.6
0112;20:00;6/02/2015;33.4
0198;20:00;6/02/2015;31.5
0116;20:00;6/02/2015;35.4
0196;20:00;6/02/2015;35.8
0184;20:00;6/02/2015;35.3
0150;20:00;6/02/2015;34
0154;20:00;6/02/2015;34.2
0112;21:00;6/02/2015;34.4
0198;21:00;6/02/2015;32
0116;21:00;6/02/2015;35.2
0196;21:00;6/02/2015;35.8
0184;21:00;6/02/2015;35.5
0150;21:00;6/02/2015;32.8
0154;21:00;6/02/2015;34.2
0112;22:00;6/02/2015;34.6
0198;22:00;6/02/2015;31.5
0116;22:00;6/02/2015;35.2
0196;22:00;6/02/2015;35.6
0184;22:00;6/02/2015;35.4
0150;22:00;6/02/2015;32.8
0154;22:00;6/02/2015;34.2
0112;23:00;6/02/2015;34.5
0198;23:00;6/02/2015;31.6
0116;23:00;6/02/2015;35.1
0196;23:00;6/02/2015;35.5
0184;23:00;6/02/2015;35.2
0150;23:00;6/02/2015;32.9
0154;23:00;6/02/2015;33.9
0112;00:00;7/02/2015;34.3
0198;00:00;7/02/2015;31.7
0116;00:00;7/02/2015;34.9
0196;00:00;7/02/2015;35.8
0184;00:00;7/02/2015;34.9
0150;00:00;7/02/2015;32.3
0154;00:00;7/02/2015;33.4
0112;01:00;7/02/2015;33.8
0198;01:00;7/02/2015;31.4
0116;01:00;7/02/2015;34.7
0196;01:00;7/02/2015;36
0184;01:00;7/02/2015;35.4
0150;01:00;7/02/2015;31.8
0154;01:00;7/02/2015;33.6
0112;02:00;7/02/2015;33.2
0198;02:00;7/02/2015;30.6
0116;02:00;7/02/2015;34.5
0196;02:00;7/02/2015;35.8
0184;02:00;7/02/2015;34.8
0150;02:00;7/02/2015;31.8
0154;02:00;7/02/2015;33.6
0112;03:00;7/02/2015;32.7
0198;03:00;7/02/2015;29.5
0116;03:00;7/02/2015;34.4
0196;03:00;7/02/2015;35.6
0184;03:00;7/02/2015;35.1
0150;03:00;7/02/2015;31.7
0154;03:00;7/02/2015;33.2
0112;04:00;7/02/2015;32.2
0198;04:00;7/02/2015;29.1
0116;04:00;7/02/2015;34.3
0196;04:00;7/02/2015;35.3
0184;04:00;7/02/2015;34.8
0150;04:00;7/02/2015;31.1
0154;04:00;7/02/2015;32.7
0112;05:00;7/02/2015;31.7
0198;05:00;7/02/2015;29.2
0116;05:00;7/02/2015;34.7
0196;05:00;7/02/2015;34.7
0184;05:00;7/02/2015;34.7
0150;05:00;7/02/2015;31.1
0154;05:00;7/02/2015;32.4
0112;06:00;7/02/2015;32.4
0198;06:00;7/02/2015;30.1
0116;06:00;7/02/2015;35
0196;06:00;7/02/2015;34.8
0184;06:00;7/02/2015;34.1
0150;06:00;7/02/2015;31.1
0154;06:00;7/02/2015;31.6
0112;07:00;7/02/2015;33.4
0198;07:00;7/02/2015;31.4
0116;07:00;7/02/2015;35.4
0196;07:00;7/02/2015;35.6
0184;07:00;7/02/2015;33.5
0150;07:00;7/02/2015;31.3
0154;07:00;7/02/2015;32.3
0112;08:00;7/02/2015;33.6
0198;08:00;7/02/2015;31.4
0116;08:00;7/02/2015;35.7
0196;08:00;7/02/2015;35.8
0184;08:00;7/02/2015;33.3
0150;08:00;7/02/2015;31.4
0154;08:00;7/02/2015;32.9
0112;09:00;7/02/2015;33.7
0198;09:00;7/02/2015;31.4
0116;09:00;7/02/2015;36.1
0196;09:00;7/02/2015;35.9
0184;09:00;7/02/2015;34.8
0150;09:00;7/02/2015;31.5
0154;09:00;7/02/2015;33.3
0112;10:00;7/02/2015;34.6
0198;10:00;7/02/2015;32.3
0116;10:00;7/02/2015;36.6
0196;10:00;7/02/2015;36.1
0184;10:00;7/02/2015;34.9
0150;10:00;7/02/2015;32.9
0154;10:00;7/02/2015;34.6
0112;11:00;7/02/2015;35.2
0198;11:00;7/02/2015;33.2
0116;11:00;7/02/2015;36.6
0196;11:00;7/02/2015;36.3
0184;11:00;7/02/2015;35.4
0150;11:00;7/02/2015;34.2
0154;11:00;7/02/2015;35.7
0112;12:00;7/02/2015;36.8
0198;12:00;7/02/2015;35
0116;12:00;7/02/2015;36.7
0196;12:00;7/02/2015;36.7
0184;12:00;7/02/2015;35.7
0150;12:00;7/02/2015;35.5
0154;12:00;7/02/2015;35.2
0112;13:00;7/02/2015;36.7
0198;13:00;7/02/2015;34.8
0116;13:00;7/02/2015;36.7
0196;13:00;7/02/2015;36.7
0184;13:00;7/02/2015;36.8
0150;13:00;7/02/2015;35.8
0154;13:00;7/02/2015;34.6
0112;14:00;7/02/2015;36.6
0198;14:00;7/02/2015;34.6
0116;14:00;7/02/2015;36.6
0196;14:00;7/02/2015;37
0184;14:00;7/02/2015;36.3
0150;14:00;7/02/2015;35.4
0154;14:00;7/02/2015;34.5
0112;15:00;7/02/2015;35.7
0198;15:00;7/02/2015;33.5
0116;15:00;7/02/2015;36.7
0196;15:00;7/02/2015;36.6
0184;15:00;7/02/2015;35.6
0150;15:00;7/02/2015;34.9
0154;15:00;7/02/2015;33.8
0112;16:00;7/02/2015;34.8
0198;16:00;7/02/2015;33
0116;16:00;7/02/2015;36.4
0196;16:00;7/02/2015;36.6
0184;16:00;7/02/2015;35.3
0150;16:00;7/02/2015;33.7
0154;16:00;7/02/2015;33.6
0112;17:00;7/02/2015;34.7
0198;17:00;7/02/2015;32.5
0116;17:00;7/02/2015;36.1
0196;17:00;7/02/2015;36.6
0184;17:00;7/02/2015;35.3
0150;17:00;7/02/2015;33.1
0154;17:00;7/02/2015;33.2
0112;18:00;7/02/2015;34.2
0198;18:00;7/02/2015;31.1
0116;18:00;7/02/2015;35.4
0196;18:00;7/02/2015;36.3
0184;18:00;7/02/2015;34.7
0150;18:00;7/02/2015;31.6
0154;18:00;7/02/2015;32.7
0112;19:00;7/02/2015;34.1
0198;19:00;7/02/2015;31.6
0116;19:00;7/02/2015;35.3
0196;19:00;7/02/2015;36.7
0184;19:00;7/02/2015;35.1
0150;19:00;7/02/2015;32.3
0154;19:00;7/02/2015;33.2
0112;20:00;7/02/2015;34.4
0198;20:00;7/02/2015;32.1
0116;20:00;7/02/2015;35.6
0196;20:00;7/02/2015;35.9
0184;20:00;7/02/2015;34.8
0150;20:00;7/02/2015;32.9
0154;20:00;7/02/2015;33.8
0112;21:00;7/02/2015;33.9
0198;21:00;7/02/2015;31.9
0116;21:00;7/02/2015;35.3
0196;21:00;7/02/2015;36
0184;21:00;7/02/2015;34.8
0150;21:00;7/02/2015;32.5
0154;21:00;7/02/2015;33.7
0112;22:00;7/02/2015;33.5
0198;22:00;7/02/2015;31.8
0116;22:00;7/02/2015;35.2
0196;22:00;7/02/2015;36.1
0184;22:00;7/02/2015;34.7
0150;22:00;7/02/2015;32.3
0154;22:00;7/02/2015;33.5
0112;23:00;7/02/2015;33.6
0198;23:00;7/02/2015;31.7
0116;23:00;7/02/2015;35.3
0196;23:00;7/02/2015;36
0184;23:00;7/02/2015;35.4
0150;23:00;7/02/2015;32
0154;23:00;7/02/2015;33.6
0112;00:00;8/02/2015;33.6
0198;00:00;8/02/2015;31.5
0116;00:00;8/02/2015;34.7
0196;00:00;8/02/2015;35.9
0184;00:00;8/02/2015;35
0150;00:00;8/02/2015;32.4
0154;00:00;8/02/2015;33.2
0112;01:00;8/02/2015;33.4
0198;01:00;8/02/2015;31.2
0116;01:00;8/02/2015;34.9
0196;01:00;8/02/2015;36.1
0184;01:00;8/02/2015;34.7
0150;01:00;8/02/2015;31.6
0154;01:00;8/02/2015;32.9
0112;02:00;8/02/2015;33.3
0198;02:00;8/02/2015;30.4
0116;02:00;8/02/2015;34.8
0196;02:00;8/02/2015;36
0184;02:00;8/02/2015;34.3
0150;02:00;8/02/2015;30.8
0154;02:00;8/02/2015;32.7
0112;03:00;8/02/2015;32.8
0198;03:00;8/02/2015;29.90 
0116;03:00;8/02/2015;34.6
0196;03:00;8/02/2015;35.9
0184;03:00;8/02/2015;33.8
0150;03:00;8/02/2015;31.4
0154;03:00;8/02/2015;32.7
0112;04:00;8/02/2015;32.6
0198;04:00;8/02/2015;29.3
0116;04:00;8/02/2015;34.2
0196;04:00;8/02/2015;35.6
0184;04:00;8/02/2015;33.5
0150;04:00;8/02/2015;30.9
0154;04:00;8/02/2015;32.5
0112;05:00;8/02/2015;32.3
0198;05:00;8/02/2015;29.2
0116;05:00;8/02/2015;35.1
0196;05:00;8/02/2015;35.3
0184;05:00;8/02/2015;33.2
0150;05:00;8/02/2015;31.4
0154;05:00;8/02/2015;32.4
0112;06:00;8/02/2015;32.2
0198;06:00;8/02/2015;30.3
0116;06:00;8/02/2015;35
0196;06:00;8/02/2015;35.8
0184;06:00;8/02/2015;33.1
0150;06:00;8/02/2015;30.6
0154;06:00;8/02/2015;32.3
0112;07:00;8/02/2015;33
0198;07:00;8/02/2015;31.5
0116;07:00;8/02/2015;35.4
0196;07:00;8/02/2015;35.9
0184;07:00;8/02/2015;33.1
0150;07:00;8/02/2015;30.9
0154;07:00;8/02/2015;31.9
0112;08:00;8/02/2015;33.2
0198;08:00;8/02/2015;31.7
0116;08:00;8/02/2015;35.8
0196;08:00;8/02/2015;36.2
0184;08:00;8/02/2015;33
0150;08:00;8/02/2015;31.1
0154;08:00;8/02/2015;32.4
0112;09:00;8/02/2015;34.1
0198;09:00;8/02/2015;31.9
0116;09:00;8/02/2015;36.1
0196;09:00;8/02/2015;36.3
0184;09:00;8/02/2015;34.1
0150;09:00;8/02/2015;31.8
0154;09:00;8/02/2015;32.8
0112;10:00;8/02/2015;35.4
0198;10:00;8/02/2015;31.9
0116;10:00;8/02/2015;36.3
0196;10:00;8/02/2015;36.8
0184;10:00;8/02/2015;35.3
0150;10:00;8/02/2015;34.6
0154;10:00;8/02/2015;35.1
0112;11:00;8/02/2015;36.2
0198;11:00;8/02/2015;32.9
0116;11:00;8/02/2015;36.8
0196;11:00;8/02/2015;36.8
0184;11:00;8/02/2015;35.4
0150;11:00;8/02/2015;35.3
0154;11:00;8/02/2015;35.4
0112;12:00;8/02/2015;37
0198;12:00;8/02/2015;33.5
0116;12:00;8/02/2015;36.6
0196;12:00;8/02/2015;36.8
0184;12:00;8/02/2015;36.4
0150;12:00;8/02/2015;35.4
0154;12:00;8/02/2015;35.6
0112;13:00;8/02/2015;37.4
0198;13:00;8/02/2015;34.3
0116;13:00;8/02/2015;36.6
0196;13:00;8/02/2015;37.1
0184;13:00;8/02/2015;36.5
0150;13:00;8/02/2015;34.9
0154;13:00;8/02/2015;36.5
0112;14:00;8/02/2015;37.8
0198;14:00;8/02/2015;34.2
0116;14:00;8/02/2015;37.1
0196;14:00;8/02/2015;37.1
0184;14:00;8/02/2015;37
0150;14:00;8/02/2015;34.3
0154;14:00;8/02/2015;35.9
0112;15:00;8/02/2015;36.1
0198;15:00;8/02/2015;33.7
0116;15:00;8/02/2015;36.9
0196;15:00;8/02/2015;37
0184;15:00;8/02/2015;36.1
0150;15:00;8/02/2015;34.1
0154;15:00;8/02/2015;35.3
0112;16:00;8/02/2015;35.5
0198;16:00;8/02/2015;33.1
0116;16:00;8/02/2015;36.9
0196;16:00;8/02/2015;36.9
0184;16:00;8/02/2015;35.6
0150;16:00;8/02/2015;33.2
0154;16:00;8/02/2015;34.7
0112;17:00;8/02/2015;35
0198;17:00;8/02/2015;32.8
0116;17:00;8/02/2015;36.1
0196;17:00;8/02/2015;36.5
0184;17:00;8/02/2015;35.7
0150;17:00;8/02/2015;32.8
0154;17:00;8/02/2015;34.9
0112;18:00;8/02/2015;35.1
0198;18:00;8/02/2015;31.9
0116;18:00;8/02/2015;35.9
0196;18:00;8/02/2015;36.1
0184;18:00;8/02/2015;35.5
0150;18:00;8/02/2015;33
0154;18:00;8/02/2015;34.3
0112;19:00;8/02/2015;35.3
0198;19:00;8/02/2015;32.3
0116;19:00;8/02/2015;36.1
0196;19:00;8/02/2015;36
0184;19:00;8/02/2015;34.7
0150;19:00;8/02/2015;32.8
0154;19:00;8/02/2015;33.8
14065;20:00;5/06/2015;33.1
14023;20:00;5/06/2015;31.7
14074;20:00;5/06/2015;35.1
14018;20:00;5/06/2015;35.2
12089;20:00;5/06/2015;32.8
05152;20:00;5/06/2015;35.9
14052;20:00;5/06/2015;33.7
14065;21:00;5/06/2015;33.1
14023;21:00;5/06/2015;31.7
14074;21:00;5/06/2015;34.7
14018;21:00;5/06/2015;35
12089;21:00;5/06/2015;33.2
05152;21:00;5/06/2015;35.7
14052;21:00;5/06/2015;33.6
14065;22:00;5/06/2015;33.7
14023;22:00;5/06/2015;31.5
14074;22:00;5/06/2015;34.4
14018;22:00;5/06/2015;34.5
12089;22:00;5/06/2015;32.7
05152;22:00;5/06/2015;35.5
14052;22:00;5/06/2015;33.5
14065;23:00;5/06/2015;33.1
14023;23:00;5/06/2015;31.8
14074;23:00;5/06/2015;34.7
14018;23:00;5/06/2015;34.9
12089;23:00;5/06/2015;32.8
05152;23:00;5/06/2015;35.4
14052;23:00;5/06/2015;33.3
14065;00:00;6/06/2015;33.3
14023;00:00;6/06/2015;30.8
14074;00:00;6/06/2015;34.5
14018;00:00;6/06/2015;34
12089;00:00;6/06/2015;32.6
05152;00:00;6/06/2015;35.3
14052;00:00;6/06/2015;33.4
14065;01:00;6/06/2015;33.8
14023;01:00;6/06/2015;30.7
14074;01:00;6/06/2015;34.5
14018;01:00;6/06/2015;34.7
12089;01:00;6/06/2015;32.4
05152;01:00;6/06/2015;35.3
14052;01:00;6/06/2015;33.7
14065;02:00;6/06/2015;33.5
14023;02:00;6/06/2015;30.9
14074;02:00;6/06/2015;35.2
14018;02:00;6/06/2015;33.4
12089;02:00;6/06/2015;33
05152;02:00;6/06/2015;35.3
14052;02:00;6/06/2015;33.9
14065;03:00;6/06/2015;34.9
14023;03:00;6/06/2015;32.8
14074;03:00;6/06/2015;36
14018;03:00;6/06/2015;34.5
12089;03:00;6/06/2015;33.3
05152;03:00;6/06/2015;34.6
14052;03:00;6/06/2015;34.1
14065;04:00;6/06/2015;37.2
14023;04:00;6/06/2015;34.5
14074;04:00;6/06/2015;35.8
14018;04:00;6/06/2015;35.8
12089;04:00;6/06/2015;34.2
05152;04:00;6/06/2015;35.9
14052;04:00;6/06/2015;35
14065;05:00;6/06/2015;35.6
14023;05:00;6/06/2015;33.5
14074;05:00;6/06/2015;35.9
14018;05:00;6/06/2015;35
12089;05:00;6/06/2015;34
05152;05:00;6/06/2015;35.1
14052;05:00;6/06/2015;34.4
14065;06:00;6/06/2015;36.7
14023;06:00;6/06/2015;32.8
14074;06:00;6/06/2015;36
14018;06:00;6/06/2015;34.8
12089;06:00;6/06/2015;34.3
05152;06:00;6/06/2015;33.5
14052;06:00;6/06/2015;34.8
14065;07:00;6/06/2015;33.4
14023;07:00;6/06/2015;31.7
14074;07:00;6/06/2015;34.7
14018;07:00;6/06/2015;33.9
12089;07:00;6/06/2015;32.5
05152;07:00;6/06/2015;34.8
14052;07:00;6/06/2015;34.2
14065;08:00;6/06/2015;34.5
14023;08:00;6/06/2015;33.2
14074;08:00;6/06/2015;35.9
14018;08:00;6/06/2015;34.3
12089;08:00;6/06/2015;35.2
05152;08:00;6/06/2015;35.5
14052;08:00;6/06/2015;34.6
14065;09:00;6/06/2015;34
14023;09:00;6/06/2015;33.4
14074;09:00;6/06/2015;35.2
14018;09:00;6/06/2015;35
12089;09:00;6/06/2015;33.8
05152;09:00;6/06/2015;35.2
14052;09:00;6/06/2015;33.9
14065;10:00;6/06/2015;36.2
14023;10:00;6/06/2015;34.5
14074;10:00;6/06/2015;36.8
14018;10:00;6/06/2015;35.2
12089;10:00;6/06/2015;37.5
05152;10:00;6/06/2015;35.8
14052;10:00;6/06/2015;36
14065;11:00;6/06/2015;35.6
14023;11:00;6/06/2015;35.6
14074;11:00;6/06/2015;36.4
14018;11:00;6/06/2015;36
12089;11:00;6/06/2015;36.5
05152;11:00;6/06/2015;36
14052;11:00;6/06/2015;35.7
14065;12:00;6/06/2015;36.6
14023;12:00;6/06/2015;37.8
14074;12:00;6/06/2015;36.7
14018;12:00;6/06/2015;37.4
12089;12:00;6/06/2015;37
05152;12:00;6/06/2015;36.9
14052;12:00;6/06/2015;38
14065;13:00;6/06/2015;37.5
14023;13:00;6/06/2015;37.2
14074;13:00;6/06/2015;37.1
14018;13:00;6/06/2015;37.1
12089;13:00;6/06/2015;37.5
05152;13:00;6/06/2015;36.2
14052;13:00;6/06/2015;36.8
14065;14:00;6/06/2015;38.1
14023;14:00;6/06/2015;37.7
14074;14:00;6/06/2015;37.5
14018;14:00;6/06/2015;37.5
12089;14:00;6/06/2015;36.9
05152;14:00;6/06/2015;37.2
14052;14:00;6/06/2015;37.4
14065;15:00;6/06/2015;38.2
14023;15:00;6/06/2015;38.2
14074;15:00;6/06/2015;37.6
14018;15:00;6/06/2015;37.7
12089;15:00;6/06/2015;37
05152;15:00;6/06/2015;37.4
14052;15:00;6/06/2015;37.3
14065;16:00;6/06/2015;38.5
14023;16:00;6/06/2015;38.2
14074;16:00;6/06/2015;37.6
14018;16:00;6/06/2015;37.4
12089;16:00;6/06/2015;37.1
05152;16:00;6/06/2015;37.4
14052;16:00;6/06/2015;36.4
14065;17:00;6/06/2015;38
14023;17:00;6/06/2015;37.7
14074;17:00;6/06/2015;37.6
14018;17:00;6/06/2015;37.2
12089;17:00;6/06/2015;37.2
05152;17:00;6/06/2015;37.1
14052;17:00;6/06/2015;36.1
14065;18:00;6/06/2015;37.4
14023;18:00;6/06/2015;36.8
14074;18:00;6/06/2015;37.7
14018;18:00;6/06/2015;36.9
12089;18:00;6/06/2015;36.9
05152;18:00;6/06/2015;37.8
14052;18:00;6/06/2015;35.8
14065;19:00;6/06/2015;36.2
14023;19:00;6/06/2015;36
14074;19:00;6/06/2015;36.4
14018;19:00;6/06/2015;36
12089;19:00;6/06/2015;35.8
05152;19:00;6/06/2015;37
14052;19:00;6/06/2015;35.6
14065;20:00;6/06/2015;36
14023;20:00;6/06/2015;35.7
14074;20:00;6/06/2015;36.5
14018;20:00;6/06/2015;36.4
12089;20:00;6/06/2015;35.6
05152;20:00;6/06/2015;37
14052;20:00;6/06/2015;36.2
14065;21:00;6/06/2015;36.8
14023;21:00;6/06/2015;35.7
14074;21:00;6/06/2015;36.5
14018;21:00;6/06/2015;35.7
12089;21:00;6/06/2015;35.8
05152;21:00;6/06/2015;36.5
14052;21:00;6/06/2015;36.1
14065;22:00;6/06/2015;37
14023;22:00;6/06/2015;36.4
14074;22:00;6/06/2015;36.8
14018;22:00;6/06/2015;37.1
12089;22:00;6/06/2015;36.2
05152;22:00;6/06/2015;36.9
14052;22:00;6/06/2015;36.6
14065;23:00;6/06/2015;36.3
14023;23:00;6/06/2015;34.9
14074;23:00;6/06/2015;36.8
14018;23:00;6/06/2015;36.1
12089;23:00;6/06/2015;35.9
05152;23:00;6/06/2015;36.2
14052;23:00;6/06/2015;36
14065;00:00;7/06/2015;36.8
14023;00:00;7/06/2015;34.6
14074;00:00;7/06/2015;36
14018;00:00;7/06/2015;36.2
12089;00:00;7/06/2015;35.1
05152;00:00;7/06/2015;36.7
14052;00:00;7/06/2015;35.6
14065;01:00;7/06/2015;36.7
14023;01:00;7/06/2015;33.7
14074;01:00;7/06/2015;36.7
14018;01:00;7/06/2015;35
12089;01:00;7/06/2015;35.1
05152;01:00;7/06/2015;36.7
14052;01:00;7/06/2015;35.6
14065;02:00;7/06/2015;36.6
14023;02:00;7/06/2015;34.4
14074;02:00;7/06/2015;36.6
14018;02:00;7/06/2015;36.6
12089;02:00;7/06/2015;35.3
05152;02:00;7/06/2015;36.7
14052;02:00;7/06/2015;35.8
14065;03:00;7/06/2015;35.8
14023;03:00;7/06/2015;34.9
14074;03:00;7/06/2015;35.9
14018;03:00;7/06/2015;36.2
12089;03:00;7/06/2015;34.5
05152;03:00;7/06/2015;35.4
14052;03:00;7/06/2015;35.2
14065;04:00;7/06/2015;36.2
14023;04:00;7/06/2015;34
14074;04:00;7/06/2015;35.8
14018;04:00;7/06/2015;36
12089;04:00;7/06/2015;34.6
05152;04:00;7/06/2015;35.6
14052;04:00;7/06/2015;35
14065;05:00;7/06/2015;37
14023;05:00;7/06/2015;34.6
14074;05:00;7/06/2015;36.2
14018;05:00;7/06/2015;35.9
12089;05:00;7/06/2015;34.5
05152;05:00;7/06/2015;35.4
14052;05:00;7/06/2015;35.2
14065;06:00;7/06/2015;35.5
14023;06:00;7/06/2015;33.8
14074;06:00;7/06/2015;35.5
14018;06:00;7/06/2015;35.1
12089;06:00;7/06/2015;33.4
05152;06:00;7/06/2015;36.1
14052;06:00;7/06/2015;34.7
14065;07:00;7/06/2015;34.9
14023;07:00;7/06/2015;33.1
14074;07:00;7/06/2015;35.2
14018;07:00;7/06/2015;34.5
12089;07:00;7/06/2015;33.4
05152;07:00;7/06/2015;35
14052;07:00;7/06/2015;34.2
14065;08:00;7/06/2015;35
14023;08:00;7/06/2015;33.5
14074;08:00;7/06/2015;35.8
14018;08:00;7/06/2015;35.4
12089;08:00;7/06/2015;34.1
05152;08:00;7/06/2015;35.7
14052;08:00;7/06/2015;34.8
14065;09:00;7/06/2015;34.6
14023;09:00;7/06/2015;33.2
14074;09:00;7/06/2015;35.3
14018;09:00;7/06/2015;34.2
12089;09:00;7/06/2015;33.5
05152;09:00;7/06/2015;36.1
14052;09:00;7/06/2015;34.5
14065;10:00;7/06/2015;35
14023;10:00;7/06/2015;34.7
14074;10:00;7/06/2015;35.8
14018;10:00;7/06/2015;35.1
12089;10:00;7/06/2015;34.6
05152;10:00;7/06/2015;36.6
14052;10:00;7/06/2015;35.4
14065;11:00;7/06/2015;37.3
14023;11:00;7/06/2015;35.4
14074;11:00;7/06/2015;36.7
14018;11:00;7/06/2015;36.4
12089;11:00;7/06/2015;34.9
05152;11:00;7/06/2015;36.6
14052;11:00;7/06/2015;35.9
14065;12:00;7/06/2015;38
14023;12:00;7/06/2015;36.2
14074;12:00;7/06/2015;37.3
14018;12:00;7/06/2015;37.3
12089;12:00;7/06/2015;37.8
05152;12:00;7/06/2015;36.9
14052;12:00;7/06/2015;37
14065;13:00;7/06/2015;36.9
14023;13:00;7/06/2015;35.6
14074;13:00;7/06/2015;36.9
14018;13:00;7/06/2015;36.1
12089;13:00;7/06/2015;36.8
05152;13:00;7/06/2015;36.5
14052;13:00;7/06/2015;36.4
14065;14:00;7/06/2015;36
14023;14:00;7/06/2015;36.8
14074;14:00;7/06/2015;37.1
14018;14:00;7/06/2015;36.7
12089;14:00;7/06/2015;37.1
05152;14:00;7/06/2015;36.9
14052;14:00;7/06/2015;37
14065;15:00;7/06/2015;36.2
14023;15:00;7/06/2015;37.2
14074;15:00;7/06/2015;37.5
14018;15:00;7/06/2015;37.2
12089;15:00;7/06/2015;36.3
05152;15:00;7/06/2015;37.2
14052;15:00;7/06/2015;37
14065;16:00;7/06/2015;35.9
14023;16:00;7/06/2015;35.7
14074;16:00;7/06/2015;36.4
14018;16:00;7/06/2015;36.2
12089;16:00;7/06/2015;35.7
05152;16:00;7/06/2015;37.1
14052;16:00;7/06/2015;36.2
14065;17:00;7/06/2015;36.6
14023;17:00;7/06/2015;35.5
14074;17:00;7/06/2015;36.8
14018;17:00;7/06/2015;36
12089;17:00;7/06/2015;36
05152;17:00;7/06/2015;37
14052;17:00;7/06/2015;36.3
14065;18:00;7/06/2015;35.9
14023;18:00;7/06/2015;35.2
14074;18:00;7/06/2015;36.6
14018;18:00;7/06/2015;36
12089;18:00;7/06/2015;35.6
05152;18:00;7/06/2015;37
14052;18:00;7/06/2015;36.1
14065;19:00;7/06/2015;35.5
14023;19:00;7/06/2015;34.8
14074;19:00;7/06/2015;36.2
14018;19:00;7/06/2015;36.3
12089;19:00;7/06/2015;35.3
05152;19:00;7/06/2015;36.8
14052;19:00;7/06/2015;36
14065;20:00;7/06/2015;35
14023;20:00;7/06/2015;35.1
14074;20:00;7/06/2015;36.6
14018;20:00;7/06/2015;36.1
12089;20:00;7/06/2015;35.5
05152;20:00;7/06/2015;37.2
14052;20:00;7/06/2015;35.7
14065;21:00;7/06/2015;35.8
14023;21:00;7/06/2015;34.7
14074;21:00;7/06/2015;36.1
14018;21:00;7/06/2015;35.4
12089;21:00;7/06/2015;34.6
05152;21:00;7/06/2015;36.7
14052;21:00;7/06/2015;35.2
14065;22:00;7/06/2015;35.6
14023;22:00;7/06/2015;34.1
14074;22:00;7/06/2015;36.4
14018;22:00;7/06/2015;36
12089;22:00;7/06/2015;34.7
05152;22:00;7/06/2015;36.8
14052;22:00;7/06/2015;35.4
14065;23:00;7/06/2015;36
14023;23:00;7/06/2015;34
14074;23:00;7/06/2015;36.3
14018;23:00;7/06/2015;35.3
12089;23:00;7/06/2015;34.6
05152;23:00;7/06/2015;36.4
14052;23:00;7/06/2015;35.2
14065;00:00;8/06/2015;35.4
14023;00:00;8/06/2015;34.2
14074;00:00;8/06/2015;36.1
14018;00:00;8/06/2015;36.4
12089;00:00;8/06/2015;34.5
05152;00:00;8/06/2015;36.6
14052;00:00;8/06/2015;35.3
14065;01:00;8/06/2015;34.3
14023;01:00;8/06/2015;34.9
14074;01:00;8/06/2015;36
14018;01:00;8/06/2015;35.1
12089;01:00;8/06/2015;34.1
05152;01:00;8/06/2015;36.4
14052;01:00;8/06/2015;34.9
14065;02:00;8/06/2015;35.9
14023;02:00;8/06/2015;35.2
14074;02:00;8/06/2015;36.2
14018;02:00;8/06/2015;35.3
12089;02:00;8/06/2015;35.1
05152;02:00;8/06/2015;36.8
14052;02:00;8/06/2015;35.5
14065;03:00;8/06/2015;35.9
14023;03:00;8/06/2015;34
14074;03:00;8/06/2015;36.3
14018;03:00;8/06/2015;35.3
12089;03:00;8/06/2015;34.2
05152;03:00;8/06/2015;36.7
14052;03:00;8/06/2015;35.1
14065;04:00;8/06/2015;35.7
14023;04:00;8/06/2015;33.6
14074;04:00;8/06/2015;36.3
14018;04:00;8/06/2015;35.5
12089;04:00;8/06/2015;34.5
05152;04:00;8/06/2015;36.5
14052;04:00;8/06/2015;35.1
14065;05:00;8/06/2015;35.6
14023;05:00;8/06/2015;33.5
14074;05:00;8/06/2015;36.1
14018;05:00;8/06/2015;35.7
12089;05:00;8/06/2015;34.1
05152;05:00;8/06/2015;36.3
14052;05:00;8/06/2015;35
14065;06:00;8/06/2015;35.6
14023;06:00;8/06/2015;33.4
14074;06:00;8/06/2015;35.8
14018;06:00;8/06/2015;35.3
12089;06:00;8/06/2015;33.6
05152;06:00;8/06/2015;35.9
14052;06:00;8/06/2015;34.7
14065;07:00;8/06/2015;33.7
14023;07:00;8/06/2015;33.6
14074;07:00;8/06/2015;34.8
14018;07:00;8/06/2015;34.2
12089;07:00;8/06/2015;32.8
05152;07:00;8/06/2015;35.2
14052;07:00;8/06/2015;34
14065;08:00;8/06/2015;34.8
14023;08:00;8/06/2015;34.1
14074;08:00;8/06/2015;35.2
14018;08:00;8/06/2015;34.9
12089;08:00;8/06/2015;33.2
05152;08:00;8/06/2015;35.1
14052;08:00;8/06/2015;34.4
14065;09:00;8/06/2015;35.4
14023;09:00;8/06/2015;33.9
14074;09:00;8/06/2015;35.1
14018;09:00;8/06/2015;34.4
12089;09:00;8/06/2015;33.2
05152;09:00;8/06/2015;36.1
14052;09:00;8/06/2015;34.4
14065;10:00;8/06/2015;36.2
14023;10:00;8/06/2015;34.4
14074;10:00;8/06/2015;35.8
14018;10:00;8/06/2015;35.1
12089;10:00;8/06/2015;34.2
05152;10:00;8/06/2015;36.3
14052;10:00;8/06/2015;35.1
14065;11:00;8/06/2015;37
14023;11:00;8/06/2015;35
14074;11:00;8/06/2015;35.8
14018;11:00;8/06/2015;35.7
12089;11:00;8/06/2015;35.6
05152;11:00;8/06/2015;36.2
14052;11:00;8/06/2015;35.8
14065;12:00;8/06/2015;38.8
14023;12:00;8/06/2015;37.1
14074;12:00;8/06/2015;36.6
14018;12:00;8/06/2015;36.4
12089;12:00;8/06/2015;37
05152;12:00;8/06/2015;36.4
14052;12:00;8/06/2015;37.2
14065;13:00;8/06/2015;37.7
14023;13:00;8/06/2015;35.5
14074;13:00;8/06/2015;36.8
14018;13:00;8/06/2015;35.9
12089;13:00;8/06/2015;36.6
05152;13:00;8/06/2015;37
14052;13:00;8/06/2015;36.5
14065;14:00;8/06/2015;37.7
14023;14:00;8/06/2015;37.2
14074;14:00;8/06/2015;36.9
14018;14:00;8/06/2015;36.3
12089;14:00;8/06/2015;35.5
05152;14:00;8/06/2015;36.4
14052;14:00;8/06/2015;36.7
14065;15:00;8/06/2015;37.1
14023;15:00;8/06/2015;35.6
14074;15:00;8/06/2015;37.1
14018;15:00;8/06/2015;35.6
12089;15:00;8/06/2015;35.6
05152;15:00;8/06/2015;36.6
14052;15:00;8/06/2015;36.2
14065;16:00;8/06/2015;34.6
14023;16:00;8/06/2015;33.2
14074;16:00;8/06/2015;35.4
14018;16:00;8/06/2015;34.8
12089;16:00;8/06/2015;33.5
05152;16:00;8/06/2015;36.3
14052;16:00;8/06/2015;35.3
14065;17:00;8/06/2015;34.4
14023;17:00;8/06/2015;33.1
14074;17:00;8/06/2015;35.4
14018;17:00;8/06/2015;34.7
12089;17:00;8/06/2015;33.1
05152;17:00;8/06/2015;35.6
14052;17:00;8/06/2015;34.5
14065;18:00;8/06/2015;33.9
14023;18:00;8/06/2015;33
14074;18:00;8/06/2015;35.1
14018;18:00;8/06/2015;34.8
12089;18:00;8/06/2015;33.1
05152;18:00;8/06/2015;36.8
14052;18:00;8/06/2015;34
14065;19:00;8/06/2015;34.3
14023;19:00;8/06/2015;33.5
14074;19:00;8/06/2015;35
14018;19:00;8/06/2015;35.1
12089;19:00;8/06/2015;33.3
05152;19:00;8/06/2015;36.6
14052;19:00;8/06/2015;34.2
13077;20:00;5/10/2015;34.1
13036;20:00;5/10/2015;32.9
13002;20:00;5/10/2015;33.7
13006;20:00;5/10/2015;36.1
13032;20:00;5/10/2015;33.1
13024;20:00;5/10/2015;34.6
13058;20:00;5/10/2015;33.2
13077;21:00;5/10/2015;34.4
13036;21:00;5/10/2015;33.3
13002;21:00;5/10/2015;33.9
13006;21:00;5/10/2015;36.3
13032;21:00;5/10/2015;33.7
13024;21:00;5/10/2015;34.1
13058;21:00;5/10/2015;33.9
13077;22:00;5/10/2015;34.8
13036;22:00;5/10/2015;32.8
13002;22:00;5/10/2015;33.4
13006;22:00;5/10/2015;35.9
13032;22:00;5/10/2015;33.5
13024;22:00;5/10/2015;33.9
13058;22:00;5/10/2015;33.4
13077;23:00;5/10/2015;34.1
13036;23:00;5/10/2015;33.3
13002;23:00;5/10/2015;33
13006;23:00;5/10/2015;36.5
13032;23:00;5/10/2015;33.6
13024;23:00;5/10/2015;33.9
13058;23:00;5/10/2015;34.1
13077;00:00;6/10/2015;32.7
13036;00:00;6/10/2015;32.7
13002;00:00;6/10/2015;33.5
13006;00:00;6/10/2015;36.6
13032;00:00;6/10/2015;32.8
13024;00:00;6/10/2015;33.9
13058;00:00;6/10/2015;33.5
13077;01:00;6/10/2015;32.6
13036;01:00;6/10/2015;33
13002;01:00;6/10/2015;34
13006;01:00;6/10/2015;35.4
13032;01:00;6/10/2015;32.5
13024;01:00;6/10/2015;33.7
13058;01:00;6/10/2015;32.8
13077;02:00;6/10/2015;32.2
13036;02:00;6/10/2015;32.7
13002;02:00;6/10/2015;33.8
13006;02:00;6/10/2015;35.1
13032;02:00;6/10/2015;33.2
13024;02:00;6/10/2015;33.7
13058;02:00;6/10/2015;33.3
13077;03:00;6/10/2015;33.4
13036;03:00;6/10/2015;32
13002;03:00;6/10/2015;34.1
13006;03:00;6/10/2015;35.5
13032;03:00;6/10/2015;33.2
13024;03:00;6/10/2015;33.8
13058;03:00;6/10/2015;32.6
13077;04:00;6/10/2015;33.6
13036;04:00;6/10/2015;31.7
13002;04:00;6/10/2015;33.3
13006;04:00;6/10/2015;34.5
13032;04:00;6/10/2015;32.3
13024;04:00;6/10/2015;33.3
13058;04:00;6/10/2015;32.6
13077;05:00;6/10/2015;33.6
13036;05:00;6/10/2015;31.9
13002;05:00;6/10/2015;33.2
13006;05:00;6/10/2015;33.8
13032;05:00;6/10/2015;32.2
13024;05:00;6/10/2015;33.4
13058;05:00;6/10/2015;33.6
13077;06:00;6/10/2015;31.9
13036;06:00;6/10/2015;32.1
13002;06:00;6/10/2015;32.5
13006;06:00;6/10/2015;34.1
13032;06:00;6/10/2015;32.3
13024;06:00;6/10/2015;32.7
13058;06:00;6/10/2015;32.3
13077;07:00;6/10/2015;31.8
13036;07:00;6/10/2015;31.9
13002;07:00;6/10/2015;33
13006;07:00;6/10/2015;34.7
13032;07:00;6/10/2015;31.8
13024;07:00;6/10/2015;32.4
13058;07:00;6/10/2015;31.2
13077;08:00;6/10/2015;31.6
13036;08:00;6/10/2015;33.1
13002;08:00;6/10/2015;33.5
13006;08:00;6/10/2015;34.2
13032;08:00;6/10/2015;32.3
13024;08:00;6/10/2015;33.3
13058;08:00;6/10/2015;31.8
13077;09:00;6/10/2015;32.5
13036;09:00;6/10/2015;33.5
13002;09:00;6/10/2015;34.4
13006;09:00;6/10/2015;34.5
13032;09:00;6/10/2015;32.7
13024;09:00;6/10/2015;34.2
13058;09:00;6/10/2015;32.3
13077;10:00;6/10/2015;32.8
13036;10:00;6/10/2015;33.4
13002;10:00;6/10/2015;34.7
13006;10:00;6/10/2015;35.6
13032;10:00;6/10/2015;33.5
13024;10:00;6/10/2015;35.5
13058;10:00;6/10/2015;33.2
13077;11:00;6/10/2015;33.6
13036;11:00;6/10/2015;34.3
13002;11:00;6/10/2015;36.1
13006;11:00;6/10/2015;36.6
13032;11:00;6/10/2015;34.7
13024;11:00;6/10/2015;35.7
13058;11:00;6/10/2015;34.9
13077;12:00;6/10/2015;34.5
13036;12:00;6/10/2015;35.5
13002;12:00;6/10/2015;36.3
13006;12:00;6/10/2015;37.6
13032;12:00;6/10/2015;35.1
13024;12:00;6/10/2015;35.7
13058;12:00;6/10/2015;35.8
13077;13:00;6/10/2015;35.7
13036;13:00;6/10/2015;37.1
13002;13:00;6/10/2015;37.9
13006;13:00;6/10/2015;38.2
13032;13:00;6/10/2015;36.1
13024;13:00;6/10/2015;35.8
13058;13:00;6/10/2015;36.2
13077;14:00;6/10/2015;36.3
13036;14:00;6/10/2015;37.6
13002;14:00;6/10/2015;37.2
13006;14:00;6/10/2015;37.1
13032;14:00;6/10/2015;37
13024;14:00;6/10/2015;36.3
13058;14:00;6/10/2015;37.7
13077;15:00;6/10/2015;37.1
13036;15:00;6/10/2015;36.3
13002;15:00;6/10/2015;36.1
13006;15:00;6/10/2015;36.7
13032;15:00;6/10/2015;36.8
13024;15:00;6/10/2015;37.1
13058;15:00;6/10/2015;36.3
13077;16:00;6/10/2015;37.4
13036;16:00;6/10/2015;35.5
13002;16:00;6/10/2015;35.2
13006;16:00;6/10/2015;36.5
13032;16:00;6/10/2015;36.2
13024;16:00;6/10/2015;36.3
13058;16:00;6/10/2015;34.8
13077;17:00;6/10/2015;35.7
13036;17:00;6/10/2015;35
13002;17:00;6/10/2015;34.6
13006;17:00;6/10/2015;36.4
13032;17:00;6/10/2015;35.2
13024;17:00;6/10/2015;34.8
13058;17:00;6/10/2015;34.1
13077;18:00;6/10/2015;34.1
13036;18:00;6/10/2015;33.6
13002;18:00;6/10/2015;34
13006;18:00;6/10/2015;35.6
13032;18:00;6/10/2015;34.1
13024;18:00;6/10/2015;34.6
13058;18:00;6/10/2015;34.2
13077;19:00;6/10/2015;34.3
13036;19:00;6/10/2015;33.9
13002;19:00;6/10/2015;33.9
13006;19:00;6/10/2015;35.8
13032;19:00;6/10/2015;33.6
13024;19:00;6/10/2015;34
13058;19:00;6/10/2015;34.5
13077;20:00;6/10/2015;34
13036;20:00;6/10/2015;33.5
13002;20:00;6/10/2015;34.3
13006;20:00;6/10/2015;35.7
13032;20:00;6/10/2015;33
13024;20:00;6/10/2015;34.5
13058;20:00;6/10/2015;34
13077;21:00;6/10/2015;33.2
13036;21:00;6/10/2015;33.7
13002;21:00;6/10/2015;34.1
13006;21:00;6/10/2015;36
13032;21:00;6/10/2015;32.8
13024;21:00;6/10/2015;35.2
13058;21:00;6/10/2015;34.1
13077;22:00;6/10/2015;34
13036;22:00;6/10/2015;33
13002;22:00;6/10/2015;33.6
13006;22:00;6/10/2015;36.1
13032;22:00;6/10/2015;33.6
13024;22:00;6/10/2015;34.4
13058;22:00;6/10/2015;34.4
13077;23:00;6/10/2015;34.6
13036;23:00;6/10/2015;33.6
13002;23:00;6/10/2015;34.1
13006;23:00;6/10/2015;36.7
13032;23:00;6/10/2015;33.4
13024;23:00;6/10/2015;34.7
13058;23:00;6/10/2015;34.4
13077;00:00;7/10/2015;33.9
13036;00:00;7/10/2015;33.5
13002;00:00;7/10/2015;33.4
13006;00:00;7/10/2015;36.1
13032;00:00;7/10/2015;32.9
13024;00:00;7/10/2015;34.1
13058;00:00;7/10/2015;33.8
13077;01:00;7/10/2015;33.1
13036;01:00;7/10/2015;33.2
13002;01:00;7/10/2015;33
13006;01:00;7/10/2015;35.6
13032;01:00;7/10/2015;32.3
13024;01:00;7/10/2015;33.4
13058;01:00;7/10/2015;33.4
13077;02:00;7/10/2015;33.1
13036;02:00;7/10/2015;32.9
13002;02:00;7/10/2015;33.8
13006;02:00;7/10/2015;35.2
13032;02:00;7/10/2015;32.5
13024;02:00;7/10/2015;34
13058;02:00;7/10/2015;33.8
13077;03:00;7/10/2015;34.1
13036;03:00;7/10/2015;32.5
13002;03:00;7/10/2015;33
13006;03:00;7/10/2015;34.8
13032;03:00;7/10/2015;32.6
13024;03:00;7/10/2015;33.6
13058;03:00;7/10/2015;34.3
13077;04:00;7/10/2015;34
13036;04:00;7/10/2015;32.5
13002;04:00;7/10/2015;33.6
13006;04:00;7/10/2015;34.1
13032;04:00;7/10/2015;32.7
13024;04:00;7/10/2015;33.5
13058;04:00;7/10/2015;33.5
13077;05:00;7/10/2015;33.5
13036;05:00;7/10/2015;32
13002;05:00;7/10/2015;33.1
13006;05:00;7/10/2015;34
13032;05:00;7/10/2015;31.9
13024;05:00;7/10/2015;32.8
13058;05:00;7/10/2015;33
13077;06:00;7/10/2015;33.4
13036;06:00;7/10/2015;32.4
13002;06:00;7/10/2015;33.1
13006;06:00;7/10/2015;33.5
13032;06:00;7/10/2015;32.6
13024;06:00;7/10/2015;33.3
13058;06:00;7/10/2015;32.8
13077;07:00;7/10/2015;32.8
13036;07:00;7/10/2015;31.3
13002;07:00;7/10/2015;32.4
13006;07:00;7/10/2015;34.4
13032;07:00;7/10/2015;32.7
13024;07:00;7/10/2015;32.7
13058;07:00;7/10/2015;33.1
13077;08:00;7/10/2015;33.1
13036;08:00;7/10/2015;31.1
13002;08:00;7/10/2015;33.3
13006;08:00;7/10/2015;35.3
13032;08:00;7/10/2015;33.1
13024;08:00;7/10/2015;32.9
13058;08:00;7/10/2015;32.6
13077;09:00;7/10/2015;33.6
13036;09:00;7/10/2015;32.9
13002;09:00;7/10/2015;33.5
13006;09:00;7/10/2015;35
13032;09:00;7/10/2015;34.6
13024;09:00;7/10/2015;34.2
13058;09:00;7/10/2015;32
13077;10:00;7/10/2015;33.7
13036;10:00;7/10/2015;34.4
13002;10:00;7/10/2015;34.8
13006;10:00;7/10/2015;35.5
13032;10:00;7/10/2015;34.9
13024;10:00;7/10/2015;35
13058;10:00;7/10/2015;33.2
13077;11:00;7/10/2015;35.7
13036;11:00;7/10/2015;34.4
13002;11:00;7/10/2015;35.2
13006;11:00;7/10/2015;35.9
13032;11:00;7/10/2015;35.4
13024;11:00;7/10/2015;36.1
13058;11:00;7/10/2015;34.4
13077;12:00;7/10/2015;36
13036;12:00;7/10/2015;35
13002;12:00;7/10/2015;35.9
13006;12:00;7/10/2015;36.5
13032;12:00;7/10/2015;36.1
13024;12:00;7/10/2015;35.8
13058;12:00;7/10/2015;35.3
13077;13:00;7/10/2015;36.8
13036;13:00;7/10/2015;35.5
13002;13:00;7/10/2015;36.5
13006;13:00;7/10/2015;37.4
13032;13:00;7/10/2015;37
13024;13:00;7/10/2015;36.1
13058;13:00;7/10/2015;36.2
13077;14:00;7/10/2015;37.5
13036;14:00;7/10/2015;36.4
13002;14:00;7/10/2015;37.5
13006;14:00;7/10/2015;37.8
13032;14:00;7/10/2015;37.5
13024;14:00;7/10/2015;36.4
13058;14:00;7/10/2015;37.4
13077;15:00;7/10/2015;36.1
13036;15:00;7/10/2015;37
13002;15:00;7/10/2015;37.2
13006;15:00;7/10/2015;37.1
13032;15:00;7/10/2015;36.4
13024;15:00;7/10/2015;36.8
13058;15:00;7/10/2015;37.8
13077;16:00;7/10/2015;34.2
13036;16:00;7/10/2015;35.4
13002;16:00;7/10/2015;36.5
13006;16:00;7/10/2015;36.8
13032;16:00;7/10/2015;35.3
13024;16:00;7/10/2015;36.5
13058;16:00;7/10/2015;36.5
13077;17:00;7/10/2015;33.6
13036;17:00;7/10/2015;33.8
13002;17:00;7/10/2015;35.4
13006;17:00;7/10/2015;36.9
13032;17:00;7/10/2015;34.7
13024;17:00;7/10/2015;35.7
13058;17:00;7/10/2015;35.5
13077;18:00;7/10/2015;32.8
13036;18:00;7/10/2015;32.9
13002;18:00;7/10/2015;35.2
13006;18:00;7/10/2015;36.2
13032;18:00;7/10/2015;33.2
13024;18:00;7/10/2015;34.9
13058;18:00;7/10/2015;35.2
13077;19:00;7/10/2015;33.6
13036;19:00;7/10/2015;33.4
13002;19:00;7/10/2015;34.5
13006;19:00;7/10/2015;36
13032;19:00;7/10/2015;33.5
13024;19:00;7/10/2015;34.4
13058;19:00;7/10/2015;34.7
13077;20:00;7/10/2015;34.8
13036;20:00;7/10/2015;34
13002;20:00;7/10/2015;33.7
13006;20:00;7/10/2015;35.8
13032;20:00;7/10/2015;33.3
13024;20:00;7/10/2015;33.7
13058;20:00;7/10/2015;34.2
13077;21:00;7/10/2015;34.7
13036;21:00;7/10/2015;34.3
13002;21:00;7/10/2015;33.1
13006;21:00;7/10/2015;36
13032;21:00;7/10/2015;32.8
13024;21:00;7/10/2015;34.2
13058;21:00;7/10/2015;34.5
13077;22:00;7/10/2015;34.8
13036;22:00;7/10/2015;33.5
13002;22:00;7/10/2015;33.6
13006;22:00;7/10/2015;36.4
13032;22:00;7/10/2015;33
13024;22:00;7/10/2015;34.2
13058;22:00;7/10/2015;34.8
13077;23:00;7/10/2015;34.2
13036;23:00;7/10/2015;32.7
13002;23:00;7/10/2015;33.5
13006;23:00;7/10/2015;36.1
13032;23:00;7/10/2015;33.7
13024;23:00;7/10/2015;34.5
13058;23:00;7/10/2015;34
13077;00:00;8/10/2015;33.4
13036;00:00;8/10/2015;32.8
13002;00:00;8/10/2015;33
13006;00:00;8/10/2015;36.4
13032;00:00;8/10/2015;32.3
13024;00:00;8/10/2015;34.1
13058;00:00;8/10/2015;34.2
13077;01:00;8/10/2015;33.3
13036;01:00;8/10/2015;32.4
13002;01:00;8/10/2015;32.9
13006;01:00;8/10/2015;36
13032;01:00;8/10/2015;32.7
13024;01:00;8/10/2015;34
13058;01:00;8/10/2015;34.2
13077;02:00;8/10/2015;33.4
13036;02:00;8/10/2015;33.2
13002;02:00;8/10/2015;33.3
13006;02:00;8/10/2015;35.6
13032;02:00;8/10/2015;31.8
13024;02:00;8/10/2015;34.2
13058;02:00;8/10/2015;33.8
13077;03:00;8/10/2015;33.1
13036;03:00;8/10/2015;32
13002;03:00;8/10/2015;33.4
13006;03:00;8/10/2015;35.3
13032;03:00;8/10/2015;32.2
13024;03:00;8/10/2015;34.4
13058;03:00;8/10/2015;33.6
13077;04:00;8/10/2015;33.3
13036;04:00;8/10/2015;31.8
13002;04:00;8/10/2015;33.6
13006;04:00;8/10/2015;35.1
13032;04:00;8/10/2015;33.1
13024;04:00;8/10/2015;34.1
13058;04:00;8/10/2015;33.5
13077;05:00;8/10/2015;33.4
13036;05:00;8/10/2015;31.5
13002;05:00;8/10/2015;33.2
13006;05:00;8/10/2015;34.3
13032;05:00;8/10/2015;32.4
13024;05:00;8/10/2015;33.5
13058;05:00;8/10/2015;33.5
13077;06:00;8/10/2015;32.6
13036;06:00;8/10/2015;31.5
13002;06:00;8/10/2015;32.6
13006;06:00;8/10/2015;34.1
13032;06:00;8/10/2015;32.2
13024;06:00;8/10/2015;33.4
13058;06:00;8/10/2015;33
13077;07:00;8/10/2015;33.2
13036;07:00;8/10/2015;31.7
13002;07:00;8/10/2015;32.1
13006;07:00;8/10/2015;34
13032;07:00;8/10/2015;31.8
13024;07:00;8/10/2015;33
13058;07:00;8/10/2015;32.4
13077;08:00;8/10/2015;32.7
13036;08:00;8/10/2015;32.3
13002;08:00;8/10/2015;32.8
13006;08:00;8/10/2015;34
13032;08:00;8/10/2015;31.6
13024;08:00;8/10/2015;33.3
13058;08:00;8/10/2015;32.9
13077;09:00;8/10/2015;32.5
13036;09:00;8/10/2015;32.8
13002;09:00;8/10/2015;32.4
13006;09:00;8/10/2015;35.2
13032;09:00;8/10/2015;32
13024;09:00;8/10/2015;34
13058;09:00;8/10/2015;33.6
13077;10:00;8/10/2015;34.7
13036;10:00;8/10/2015;33.6
13002;10:00;8/10/2015;33.6
13006;10:00;8/10/2015;36
13032;10:00;8/10/2015;32.7
13024;10:00;8/10/2015;34.3
13058;10:00;8/10/2015;34.4
13077;11:00;8/10/2015;35
13036;11:00;8/10/2015;34.9
13002;11:00;8/10/2015;34.5
13006;11:00;8/10/2015;36.8
13032;11:00;8/10/2015;33.6
13024;11:00;8/10/2015;34.6
13058;11:00;8/10/2015;34.8
13077;12:00;8/10/2015;36.5
13036;12:00;8/10/2015;36.5
13002;12:00;8/10/2015;35.8
13006;12:00;8/10/2015;37.3
13032;12:00;8/10/2015;34.6
13024;12:00;8/10/2015;35.4
13058;12:00;8/10/2015;35.9
13077;13:00;8/10/2015;36.1
13036;13:00;8/10/2015;37.3
13002;13:00;8/10/2015;36.5
13006;13:00;8/10/2015;37.6
13032;13:00;8/10/2015;35.1
13024;13:00;8/10/2015;36.4
13058;13:00;8/10/2015;36.5
13077;14:00;8/10/2015;36.9
13036;14:00;8/10/2015;37.8
13002;14:00;8/10/2015;37.6
13006;14:00;8/10/2015;36.8
13032;14:00;8/10/2015;36.9
13024;14:00;8/10/2015;37.6
13058;14:00;8/10/2015;36.8
13077;15:00;8/10/2015;35.6
13036;15:00;8/10/2015;35.9
13002;15:00;8/10/2015;36.8
13006;15:00;8/10/2015;36.4
13032;15:00;8/10/2015;36.7
13024;15:00;8/10/2015;36.6
13058;15:00;8/10/2015;36.7
13077;16:00;8/10/2015;34.5
13036;16:00;8/10/2015;34.9
13002;16:00;8/10/2015;35.6
13006;16:00;8/10/2015;36.2
13032;16:00;8/10/2015;35.3
13024;16:00;8/10/2015;35.9
13058;16:00;8/10/2015;36
13077;17:00;8/10/2015;33
13036;17:00;8/10/2015;34.5
13002;17:00;8/10/2015;34.5
13006;17:00;8/10/2015;36.2
13032;17:00;8/10/2015;34.7
13024;17:00;8/10/2015;35.1
13058;17:00;8/10/2015;35
13077;18:00;8/10/2015;32.6
13036;18:00;8/10/2015;33.4
13002;18:00;8/10/2015;33.4
13006;18:00;8/10/2015;36
13032;18:00;8/10/2015;34.4
13024;18:00;8/10/2015;34.3
13058;18:00;8/10/2015;34
13077;19:00;8/10/2015;33
13036;19:00;8/10/2015;34
13002;19:00;8/10/2015;34
13006;19:00;8/10/2015;36.2
13032;19:00;8/10/2015;34
13024;19:00;8/10/2015;34.5
13058;19:00;8/10/2015;34.3
;;;
;;;
;;;
;;;
;;;
;;;
;;;
;;;
;;;
;;;
;;;
;;;
;;;
;;;
;;;
;;;
;;;
;;;
;;;
;;;
;;;
;;;
;;;
;;;
;;;
;;;
;;;
;;;
